Start,End,Sequence,Length,Color
40[31],77[42],CAAAATGCCCGGATTATACCAAGCGCG,27,#f7931e
18[27],49[20],AATCGATGAACGGAAGG,17,#1700de
52[44],21[44],AAATCTACGTTAATAATTGCTCCTTT,26,#1700de
59[35],27[39],AACGAATATCGCGAAGAGGAA,21,#1700de
20[44],20[29],TGATAAGAGGTCATTT,16,#333333
65[16],30[29],AAGCCTGGACCTTCATGGAAGCATGTAGCCAGAAA,35,#1700de
37[45],72[19],CAACCGCGGCCAACGCGCGGGGAGAGGCGGTT,32,#1700de
54[44],23[44],GCTCATTATACCAAACTCCAACAGGT,26,#1700de
23[13],54[19],GAAGATTGTATAAGCAGCAGTCTCACGACGTT,32,#1700de
35[19],8[19],GGAACAAACGGCGAAAAGGGTGAGAA,26,#1700de
46[26],84[11],CGCTTCCATTACTAAAGACTTTTTCATTCGGC,32,#cc0000
49[24],88[13],ATCGGTGCCGCTTTTGCGGGATGAGTG,27,#cc0000
35[45],70[19],AATGCAGACGGTCAATTTTCCAGTCGGGAAAC,32,#1700de
41[11],12[11],CGACGACAGTATCTTCTAGCTGATAA,26,#1700de
28[39],5[47],AAAAGATTTCAGAAGCTCCAATAATTACTAATAGTAGTAG,40,#7300de
44[35],81[42],AAGAGCAACGCATTTGCCCCAGCAGATGCCA,31,#1700de
12[42],41[36],TCCCAATTCTGCGAACCCGGGCAAAAACCAAA,32,#1700de
21[13],52[19],CCGGTTGATAATCAGACTTTAAGATTAAGTTG,32,#1700de
29[16],62[16],ATAGGAACACAATTCC,16,#cc0000
25[35],1[47],TAATTAACATTATTAAAGCTAAATCGGTT,29,#1700de
95[13],95[28],AGGCTCCAAAAGGAGC,16,#1700de
81[11],44[11],CGGTCCACGCTGGCCGCTTCTGGTGC,26,#1700de
26[31],0[16],GTTAAAATTCAGAGCAGACCCTGTAATACTTT,32,#03b6a2
31[16],62[29],GCCTTCCTAAAGTGTAACACAACATACGAGCCATC,35,#7300de
14[42],14[30],GTCTGGAAGTTTC,13,#cc0000
50[44],19[44],AACATTCGCTATTCGGATGGCTTAGA,26,#7300de
92[44],53[44],GCGCCGACAATGAACGTTGGGAAGAA,26,#1700de
43[33],79[42],ATAACCCCGAAGGCACTAAAACACTC,26,#1700de
76[29],76[11],CAGTGAGACGGGCAACAGC,19,#f7931e
90[44],51[44],ATAACCGATATATGAACTAACGGAAC,26,#1700de
79[11],42[11],TTGCAGAGGCAAAAGGAAGATCGCAC,26,#1700de
48[44],46[27],CAGGTAGAAAGATTGCTGTAGAGATACATAACGC,34,#cc0000
89[28],89[44],AGTCGCTGAGGCTTGCA,17,#1700de
34[43],69[50],TGCTTTAAACGTCGCCATAAGGGAACCGAAC,31,#1700de
52[18],91[27],GGTAACGTGGACTCC,15,#1700de
14[29],43[32],ATTGTACCGACTATC,15,#f74308
2[47],2[32],AAAGAATTAGCAAAAT,16,#333333
41[37],78[11],ATATTTGACCCCCAGCCCTGGCCCTGAGAGAG,32,#1700de
71[19],36[19],CTGTCGTGCCAGCCCGTAATGGGATA,26,#1700de
54[18],93[28],GTACGTTCTTAAACAG,16,#1700de
18[44],18[28],GCTTAATTGCTGAATAG,17,#1700de
40[42],38[39],AGATTGACCATAAATGTTTA,20,#cc0000
17[11],48[19],AGTCTGGAGCAAACAAGATAATCATCAGTTGAGA,34,#1700de
13[11],42[34],ATTAATGCCGGAGAGGCCATATAACAGTTACCAGA,35,#1700de
0[47],60[40],GTACCAAACGAGCTTCGACTTCAAGTAGTAAACCCTGACG,40,#cc0000
69[19],34[19],TGCGCTCACTGCCCGGATTCTCCGTG,26,#1700de
47[11],86[13],GGCTGCGCTTTAGGAATACCAGTAAAAGAATAGCCCGAGA,40,#1700de
45[11],16[11],CGGAAACCAGGCAGTCATTGCCTGAG,26,#1700de
56[47],25[34],TCATTGTGAATTACCTTTAATTTCCCAGACCGTTT,35,#1700de
76[42],73[50],AAAAGGGGGTATATCATCGTCCATGTTACT,30,#1700de
30[47],64[45],ACCCTGACATCAACGTAAG,19,#57bb00
30[28],3[20],TAATTCATATATTAAGGATAAAAATTTTTGCCTT,34,#1700de
59[24],24[16],TCGTAATCGATCCCCGAATATTTTGAAAATATTTAAATTG,40,#1700de
27[40],62[40],GCCCGAAATTGCATCAAAGGCTTGAACAAAGC,32,#f74308
87[26],87[44],CCTCAGCAGCGAAAGACAG,19,#1700de
64[44],66[19],AACCGGATATTCACAAGAGTAGCGCATAGGCTGGCTGGGTGC,42,#1700de
86[44],83[42],CATCGGAACGAGGCATTCAACTTTGAGGAAACGGGTAAAA,40,#1700de
6[50],33[44],GGTGGCATCAATTCTAAATACCCAGTTCAGAA,32,#1700de
10[50],37[44],ATACATTTCGCAAATGAATTAGGGATAGCGTC,32,#1700de
49[21],89[27],GCGTGGCGAAATTCCAGTTTGGA,23,#1700de
7[37],34[44],GCGCGAGCTGACAAA,15,#cc0000
38[38],74[19],GACTATGCGACCTGCCCTGATAAATTGTGTCATTGG,36,#b8056c
73[19],38[19],TGCGTGAAATCCGGGCGCATCGTAAC,26,#1700de
48[18],87[25],AACGGTTCGTCAC,13,#1700de
88[44],49[44],GGGAGTTAAAGGCGGGCCTCTTATTA,26,#1700de
83[11],46[11],CGAAAGAGGAAGTCATTCGCCATTCA,26,#1700de
85[11],85[42],AAAATCCCTTATAAATCAGCAACGGCTACAGA,32,#1700de
60[39],61[39],AGAAACACCAGTGAAT,16,#888888
45[37],82[11],TACGTAGCGAAAATCCTGTTTGATGGTGGTTC,32,#1700de
16[42],45[36],AACATGTTTTAAATATCAGAAGCAAAAGGAAT,32,#1700de
51[20],90[13],CTGCAAGGCAACTCGCAAGAGTCCACTATTA,31,#1700de
39[19],76[30],CGTGCATCGAAGTTTTGCCAGCAATTTTCAC,31,#57bb00
32[50],67[50],AATGACCATAAATCAATCATAAAGGACAGATGAACGGT,38,#1700de
77[11],40[11],TGATTGCCCTTCACAGTTTGAGGGGA,26,#03b6a2
8[50],8[39],GCTATATTTTCA,12,#333333
95[29],95[44],CTTTAATTGTATCGGT,16,#1700de
3[21],59[23],TATTTTAACCAAATTTTTGAGCTGTTTGCTCGAAT,35,#1700de
22[27],53[19],AAGCCCCAAAAAAGGG,16,#1700de
33[19],6[19],TGAGCGAGTAACAGCAATGCCTGAGT,26,#1700de
53[20],92[13],TTTTCCCAGAGGCAAACGTCAAAGGGCGAAA,31,#1700de
15[11],44[36],GATCTACAAAGGCTATGCAACTAAAGTACTAGT,33,#7300de
62[28],2[26],CGCTCGCCATCAAGCTCATTTTTCAACGCTAAGCA,35,#1700de
3[32],29[47],ATCATACAGGCAAGGCCATTAACAAAAGCGGA,32,#cc0000
42[33],80[11],CGACGATCTCAGAATACACCAACCTAAAACGAAAGCAAG,39,#1700de
37[19],10[19],GGTCACGTTGGTGCACCATCAATATG,26,#1700de
8[38],35[44],TTTGTTCGATATATTCATTG,20,#1700de
11[19],40[32],ATATTCAAGAGTAGATTTAGTGGCTTTTG,29,#57bb00
66[50],65[47],GTACAGACCAGATCTTGAC,19,#1700de
24[47],59[34],AAAGCGAAAACTTTAATTGGGCTTGAGATGGTCAG,35,#1700de
20[28],51[19],GTCAATCATATGTTGTG,17,#1700de
67[19],32[19],CTAATGAGTGAGCTCAACATTAAATG,26,#1700de
9[19],36[44],AGGCCGGAGACAGTCAGTCAATAACCTGTGGAA,33,#1700de
33[45],68[19],AACCCAACTTTGAAAGCTCACATTAATTGCGT,32,#1700de
93[29],93[44],CTTGATACCGATAGTT,16,#1700de
19[13],50[24],ATCGTAAAACTAGCATTTGACGCCAGC,27,#57bb00
58[20],56[16],ACCGACAGGTCGACTCTAGAGTATGCTTGCATGCCTG,37,#7300de
2[25],58[21],ATAAAGAGAATGCGGGCCTCGCATTATAAACGTTGGT,37,#1700de
75[19],75[50],GCGCCAGGGTGGTTTTTCAGTACAACGGAGAT,32,#b8056c
94[44],55[44],TTATCAGCTTGCTATTTTAAGAACTG,26,#1700de
7[19],7[36],AATGTGTAGGTAAAGAGG,18,#1700de
36[43],71[50],TCGTCATAATGATGCATTAATGAATGAACGA,31,#1700de
55[13],94[13],CGACGGCCAGTGCCAAGCGTTCGAGGTGAATTCTATCA,38,#1700de
61[16],27[31],CCTGTGTGAAATTGTTATGGTCATTTAAATCA,32,#007200
22[44],22[28],CAGGATTAGAGAGTACA,17,#1700de
91[28],91[44],ACAACCATCGCCCACGC,17,#1700de
62[39],31[47],TGCTCATTTTACCCAATATTATAGCTTAAATCAGGTCTTT,40,#1700de
43[11],14[11],TCCAGCCAGCTTTGCTATTTTTGAGA,26,#1700de
5[16],30[16],AGAACCCTCGCGTCTG,16,#cc0000
